{"accuracy": [0.8810272812843323, 0.99947589635849, 0.99947589635849, 0.99947589635849, 0.99947589635849, 0.99947589635849, 0.99947589635849, 0.99947589635849, 0.99947589635849, 0.99947589635849], "loss": [0.5269843935966492, 0.008013898506760597, 0.006105432286858559, 0.006147867999970913, 0.0047457399778068066, 0.0050547560676932335, 0.003570013912394643, 0.0040725478902459145, 0.002316121943295002, 0.003639320144429803], "val_accuracy": [1.0, 1.0, 1.0, 1.0, 1.0, 1.0, 1.0, 1.0, 1.0, 1.0], "val_loss": [0.0009659684728831053, 0.0006811871426180005, 0.0005517841200344265, 0.00043042583274655044, 0.0003373993677087128, 0.00025710955378599465, 0.00019823209731839597, 0.0001617268571862951, 0.00015498680295422673, 0.00013506512914318591], "learning_rate": [9.999999747378752e-05, 9.999999747378752e-05, 9.999999747378752e-05, 9.999999747378752e-05, 9.999999747378752e-05, 9.999999747378752e-05, 9.999999747378752e-05, 9.999999747378752e-05, 9.999999747378752e-05, 9.999999747378752e-05]}