{"loss": [1.3968302011489868, 0.6077007055282593, 0.4824505150318146, 0.420465350151062, 0.38254809379577637, 0.3523663282394409, 0.3332429528236389, 0.3193386197090149, 0.3018915057182312, 0.2965089678764343], "accuracy": [0.6054626703262329, 0.8090618252754211, 0.8440713882446289, 0.8647414445877075, 0.8747990727424622, 0.8840031027793884, 0.8911586999893188, 0.8949000835418701, 0.8999359607696533, 0.9015577435493469], "val_loss": [0.4629518687725067, 0.33050721883773804, 0.27478542923927307, 0.24957585334777832, 0.2320394515991211, 0.21385149657726288, 0.20364953577518463, 0.19851769506931305, 0.19084985554218292, 0.18480341136455536], "val_accuracy": [0.8610289096832275, 0.8976781368255615, 0.9150921702384949, 0.921636700630188, 0.9259617328643799, 0.9313681125640869, 0.9354655146598816, 0.9347257018089294, 0.9372296929359436, 0.9403027296066284], "lr": [9.999999747378752e-05, 9.999999747378752e-05, 9.999999747378752e-05, 9.999999747378752e-05, 9.999999747378752e-05, 9.999999747378752e-05, 9.999999747378752e-05, 9.999999747378752e-05, 9.999999747378752e-05, 9.999999747378752e-05]}